{
    "rmse": 0.6898815849470831,
    "mae": 0.47593660124909937,
    "r2": 0.26413884078837413
}